primary_topic,secondary_topic,is_dual,text_input
music streaming,,0,I'm interested in companies focused on music streaming.
genomics,,0,I want to invest in genomics.
solar power,,0,I want to invest in solar power.
gaming,,0,Looking for exposure to gaming.
software,gaming,1,I'm interested in both software and gaming.
fintech,publishing,1,I want exposure to companies in fintech and publishing.
wealth management,,0,Looking for exposure to wealth management.
travel,banking,1,I want exposure to companies in travel and banking.
fitness,,0,I believe fitness will grow significantly.
cryptocurrency,telecommunications,1,Looking to invest in cryptocurrency as well as telecommunications.
social media,,0,I'm interested in companies focused on social media.
genomics,,0,I believe genomics will grow significantly.
software,,0,I believe software will grow significantly.
genomics,,0,I'm interested in companies focused on genomics.
beauty,,0,I'm interested in companies focused on beauty.
software,oil and gas,1,Looking to invest in software as well as oil and gas.
beverage,,0,Looking for exposure to beverage.
investment platforms,,0,I'm passionate about investment platforms and want investment opportunities.
pharmaceuticals,,0,I want to invest in pharmaceuticals.
wind energy,,0,Looking for exposure to wind energy.
food,wellness,1,Looking to invest in food as well as wellness.
automation,,0,I'm passionate about automation and want investment opportunities.
video streaming,,0,I want to invest in video streaming.
semiconductors,broadcasting,1,I believe semiconductors and broadcasting will grow over the next decade.
EV infrastructure,,0,I believe EV infrastructure will grow significantly.
investment platforms,,0,I believe investment platforms will grow significantly.
gaming,,0,I believe gaming will grow significantly.
home goods,lending,1,I believe home goods and lending will grow over the next decade.
wellness,publishing,1,I want exposure to companies in wellness and publishing.
fitness,wealth management,1,I want exposure to companies in fitness and wealth management.
wellness,,0,I'm interested in companies focused on wellness.
social media,,0,I believe social media will grow significantly.
podcasting,,0,I want to invest in podcasting.
retail,,0,I'm passionate about retail and want investment opportunities.
cryptocurrency,,0,Looking for exposure to cryptocurrency.
telecommunications,wellness,1,Looking to invest in telecommunications as well as wellness.
broadcasting,solar power,1,Looking to invest in broadcasting as well as solar power.
wealth management,,0,Looking for exposure to wealth management.
quantum computing,,0,Looking for exposure to quantum computing.
fitness,,0,I believe fitness will grow significantly.
hardware,personal finance,1,I'm interested in both hardware and personal finance.
social media,,0,I believe social media will grow significantly.
datacenters,,0,I believe datacenters will grow significantly.
wealth management,medical devices,1,I'm interested in both wealth management and medical devices.
entertainment,telemedicine,1,Looking to invest in entertainment as well as telemedicine.
healthcare services,,0,I'm interested in companies focused on healthcare services.
insurance,,0,I want to invest in insurance.
insurance,,0,I want to invest in insurance.
semiconductors,,0,Looking for exposure to semiconductors.
entertainment,utilities,1,I want exposure to companies in entertainment and utilities.
utilities,,0,Looking for exposure to utilities.
podcasting,,0,Looking for exposure to podcasting.
fashion,automation,1,I want exposure to companies in fashion and automation.
wind energy,pharmaceuticals,1,I want exposure to companies in wind energy and pharmaceuticals.
consumer electronics,,0,Looking for exposure to consumer electronics.
telecommunications,,0,I'm interested in companies focused on telecommunications.
solar power,,0,I'm passionate about solar power and want investment opportunities.
home goods,,0,I believe home goods will grow significantly.
health IT,cryptocurrency,1,I'm interested in both health IT and cryptocurrency.
retail,broadcasting,1,I want exposure to companies in retail and broadcasting.
broadcasting,,0,Looking for exposure to broadcasting.
renewable energy,,0,I want to invest in renewable energy.
fintech,,0,Looking for exposure to fintech.
nuclear power,telecommunications,1,I want exposure to companies in nuclear power and telecommunications.
marketing,,0,I'm passionate about marketing and want investment opportunities.
publishing,automotive,1,Looking to invest in publishing as well as automotive.
gaming,wind energy,1,Looking to invest in gaming as well as wind energy.
cryptocurrency,,0,I want to invest in cryptocurrency.
utilities,leisure,1,I believe utilities and leisure will grow over the next decade.
music streaming,,0,Looking for exposure to music streaming.
fintech,cybersecurity,1,I'm interested in both fintech and cybersecurity.
mental health,,0,I believe mental health will grow significantly.
pharmaceuticals,,0,I want to invest in pharmaceuticals.
investment platforms,fitness,1,I want exposure to companies in investment platforms and fitness.
telecommunications,,0,Looking for exposure to telecommunications.
digital advertising,,0,I believe digital advertising will grow significantly.
beverage,,0,I'm passionate about beverage and want investment opportunities.
retail,automation,1,I'm interested in both retail and automation.
digital advertising,,0,I'm interested in companies focused on digital advertising.
consumer electronics,,0,I believe consumer electronics will grow significantly.
telecommunications,,0,I want to invest in telecommunications.
quantum computing,healthcare services,1,I believe quantum computing and healthcare services will grow over the next decade.
music streaming,fashion,1,Looking to invest in music streaming as well as fashion.
clean energy,,0,Looking for exposure to clean energy.
fitness,wealth management,1,I want exposure to companies in fitness and wealth management.
solar power,,0,Looking for exposure to solar power.
fitness,investment platforms,1,Looking to invest in fitness as well as investment platforms.
consumer electronics,,0,I believe consumer electronics will grow significantly.
banking,gaming,1,Looking to invest in banking as well as gaming.
home goods,banking,1,I want exposure to companies in home goods and banking.
video streaming,,0,I believe video streaming will grow significantly.
health IT,investment platforms,1,Looking to invest in health IT as well as investment platforms.
energy storage,,0,I believe energy storage will grow significantly.
digital advertising,,0,I want to invest in digital advertising.
travel,,0,I believe travel will grow significantly.
wind energy,,0,Looking for exposure to wind energy.
investment platforms,,0,I'm interested in companies focused on investment platforms.
banking,,0,I want to invest in banking.
video streaming,,0,I'm passionate about video streaming and want investment opportunities.
lending,beauty,1,I'm interested in both lending and beauty.
solar power,,0,I want to invest in solar power.
renewable energy,,0,I'm interested in companies focused on renewable energy.
healthcare services,wealth management,1,Looking to invest in healthcare services as well as wealth management.
blockchain,,0,Looking for exposure to blockchain.
sports,telecommunications,1,Looking to invest in sports as well as telecommunications.
semiconductors,,0,I believe semiconductors will grow significantly.
wealth management,,0,I believe wealth management will grow significantly.
social media,,0,I'm passionate about social media and want investment opportunities.
genomics,self-driving cars,1,I believe genomics and self-driving cars will grow over the next decade.
software,nuclear power,1,Looking to invest in software as well as nuclear power.
music streaming,travel,1,I'm interested in both music streaming and travel.
blockchain,,0,Looking for exposure to blockchain.
AI,entertainment,1,Looking to invest in AI as well as entertainment.
hardware,,0,I'm interested in companies focused on hardware.
automotive,,0,I'm passionate about automotive and want investment opportunities.
beverage,,0,I want to invest in beverage.
beverage,,0,I'm passionate about beverage and want investment opportunities.
social media,,0,Looking for exposure to social media.
personal finance,,0,I want to invest in personal finance.
utilities,,0,I'm interested in companies focused on utilities.
investment platforms,,0,I believe investment platforms will grow significantly.
banking,digital advertising,1,I'm interested in both banking and digital advertising.
datacenters,investment platforms,1,Looking to invest in datacenters as well as investment platforms.
entertainment,,0,Looking for exposure to entertainment.
fitness,marketing,1,I want exposure to companies in fitness and marketing.
wellness,cybersecurity,1,I want exposure to companies in wellness and cybersecurity.
gaming,telemedicine,1,I believe gaming and telemedicine will grow over the next decade.
self-driving cars,telemedicine,1,Looking to invest in self-driving cars as well as telemedicine.
datacenters,,0,I'm passionate about datacenters and want investment opportunities.
oil and gas,,0,Looking for exposure to oil and gas.
wellness,,0,I'm interested in companies focused on wellness.
cybersecurity,,0,I'm passionate about cybersecurity and want investment opportunities.
music streaming,gaming,1,I want exposure to companies in music streaming and gaming.
pharmaceuticals,oil and gas,1,I want exposure to companies in pharmaceuticals and oil and gas.
software,,0,I'm passionate about software and want investment opportunities.
fintech,home goods,1,Looking to invest in fintech as well as home goods.
EV infrastructure,,0,I want to invest in EV infrastructure.
video streaming,,0,I want to invest in video streaming.
solar power,,0,Looking for exposure to solar power.
podcasting,banking,1,I'm interested in both podcasting and banking.
sports,,0,I believe sports will grow significantly.
fintech,,0,I want to invest in fintech.
medical devices,,0,I believe medical devices will grow significantly.
lending,nuclear power,1,I want exposure to companies in lending and nuclear power.
quantum computing,,0,I believe quantum computing will grow significantly.
telemedicine,,0,Looking for exposure to telemedicine.
automotive,,0,I'm interested in companies focused on automotive.
cybersecurity,insurance,1,Looking to invest in cybersecurity as well as insurance.
beauty,,0,I believe beauty will grow significantly.
oil and gas,,0,I want to invest in oil and gas.
wind energy,cloud computing,1,I'm interested in both wind energy and cloud computing.
podcasting,,0,I'm passionate about podcasting and want investment opportunities.
lending,,0,I want to invest in lending.
self-driving cars,,0,I believe self-driving cars will grow significantly.
telemedicine,,0,I believe telemedicine will grow significantly.
energy storage,,0,I believe energy storage will grow significantly.
self-driving cars,wealth management,1,Looking to invest in self-driving cars as well as wealth management.
mental health,insurance,1,I believe mental health and insurance will grow over the next decade.
beauty,podcasting,1,Looking to invest in beauty as well as podcasting.
datacenters,medical devices,1,I believe datacenters and medical devices will grow over the next decade.
semiconductors,,0,I believe semiconductors will grow significantly.
energy storage,,0,I'm interested in companies focused on energy storage.
automation,broadcasting,1,I want exposure to companies in automation and broadcasting.
self-driving cars,wealth management,1,Looking to invest in self-driving cars as well as wealth management.
AI,,0,I'm passionate about AI and want investment opportunities.
marketing,software,1,Looking to invest in marketing as well as software.
gaming media,EV infrastructure,1,I want exposure to companies in gaming media and EV infrastructure.
nuclear power,,0,Looking for exposure to nuclear power.
quantum computing,,0,I'm passionate about quantum computing and want investment opportunities.
telecommunications,utilities,1,I'm interested in both telecommunications and utilities.
marketing,banking,1,Looking to invest in marketing as well as banking.
pharmaceuticals,,0,I want to invest in pharmaceuticals.
renewable energy,,0,I'm interested in companies focused on renewable energy.
video streaming,fintech,1,I want exposure to companies in video streaming and fintech.
quantum computing,,0,I believe quantum computing will grow significantly.
beauty,,0,I'm passionate about beauty and want investment opportunities.
oil and gas,insurance,1,I'm interested in both oil and gas and insurance.
investment platforms,,0,Looking for exposure to investment platforms.
renewable energy,,0,I'm passionate about renewable energy and want investment opportunities.
automation,retail,1,Looking to invest in automation as well as retail.
gaming,biotech,1,I'm interested in both gaming and biotech.
personal finance,,0,I want to invest in personal finance.
beauty,oil and gas,1,I'm interested in both beauty and oil and gas.
insurance,telemedicine,1,I want exposure to companies in insurance and telemedicine.
beverage,,0,I want to invest in beverage.
EV infrastructure,video streaming,1,I believe EV infrastructure and video streaming will grow over the next decade.
music streaming,software,1,Looking to invest in music streaming as well as software.
oil and gas,digital advertising,1,I want exposure to companies in oil and gas and digital advertising.
insurance,energy storage,1,I believe insurance and energy storage will grow over the next decade.
consumer electronics,,0,Looking for exposure to consumer electronics.
oil and gas,,0,I want to invest in oil and gas.
music streaming,,0,I want to invest in music streaming.
clean energy,telecommunications,1,Looking to invest in clean energy as well as telecommunications.
telecommunications,,0,I believe telecommunications will grow significantly.
digital advertising,travel,1,Looking to invest in digital advertising as well as travel.
digital advertising,,0,I believe digital advertising will grow significantly.
personal finance,,0,I'm passionate about personal finance and want investment opportunities.
investment platforms,gaming,1,Looking to invest in investment platforms as well as gaming.
personal finance,,0,I believe personal finance will grow significantly.
lending,wind energy,1,I'm interested in both lending and wind energy.
gaming media,food,1,I believe gaming media and food will grow over the next decade.
datacenters,,0,Looking for exposure to datacenters.
semiconductors,,0,Looking for exposure to semiconductors.
oil and gas,,0,I believe oil and gas will grow significantly.
fashion,,0,I'm passionate about fashion and want investment opportunities.
healthcare services,investment platforms,1,I'm interested in both healthcare services and investment platforms.
entertainment,clean energy,1,I believe entertainment and clean energy will grow over the next decade.
oil and gas,video streaming,1,I'm interested in both oil and gas and video streaming.
sports,,0,I believe sports will grow significantly.
sports,,0,I want to invest in sports.
automotive,,0,I'm passionate about automotive and want investment opportunities.
self-driving cars,clean energy,1,Looking to invest in self-driving cars as well as clean energy.
renewable energy,marketing,1,I want exposure to companies in renewable energy and marketing.
utilities,,0,I'm passionate about utilities and want investment opportunities.
leisure,,0,I'm passionate about leisure and want investment opportunities.
video streaming,hardware,1,I want exposure to companies in video streaming and hardware.
investment platforms,,0,Looking for exposure to investment platforms.
wealth management,,0,Looking for exposure to wealth management.
pharmaceuticals,,0,I believe pharmaceuticals will grow significantly.
cryptocurrency,,0,I'm interested in companies focused on cryptocurrency.
pharmaceuticals,,0,I want to invest in pharmaceuticals.
EV infrastructure,consumer electronics,1,I believe EV infrastructure and consumer electronics will grow over the next decade.
genomics,,0,Looking for exposure to genomics.
oil and gas,,0,I believe oil and gas will grow significantly.
health IT,semiconductors,1,I'm interested in both health IT and semiconductors.
pharmaceuticals,utilities,1,I believe pharmaceuticals and utilities will grow over the next decade.
insurance,telecommunications,1,I'm interested in both insurance and telecommunications.
clean energy,,0,I believe clean energy will grow significantly.
cybersecurity,,0,I'm interested in companies focused on cybersecurity.
wellness,,0,Looking for exposure to wellness.
fintech,,0,I want to invest in fintech.
insurance,oil and gas,1,I'm interested in both insurance and oil and gas.
wellness,,0,I want to invest in wellness.
telemedicine,,0,Looking for exposure to telemedicine.
genomics,,0,I'm interested in companies focused on genomics.
utilities,lending,1,I'm interested in both utilities and lending.
healthcare services,,0,I'm interested in companies focused on healthcare services.
banking,music streaming,1,I want exposure to companies in banking and music streaming.
digital advertising,,0,I'm passionate about digital advertising and want investment opportunities.
AI,,0,I'm interested in companies focused on AI.
entertainment,,0,I'm passionate about entertainment and want investment opportunities.
banking,automation,1,Looking to invest in banking as well as automation.
travel,,0,I want to invest in travel.
renewable energy,,0,I want to invest in renewable energy.
mental health,,0,I believe mental health will grow significantly.
fashion,,0,I believe fashion will grow significantly.
marketing,,0,I'm passionate about marketing and want investment opportunities.
travel,lending,1,I believe travel and lending will grow over the next decade.
marketing,,0,I want to invest in marketing.
cybersecurity,entertainment,1,I believe cybersecurity and entertainment will grow over the next decade.
lending,fashion,1,Looking to invest in lending as well as fashion.
personal finance,,0,I'm passionate about personal finance and want investment opportunities.
automotive,,0,I'm interested in companies focused on automotive.
cloud computing,,0,I believe cloud computing will grow significantly.
datacenters,,0,Looking for exposure to datacenters.
publishing,datacenters,1,I'm interested in both publishing and datacenters.
gaming,biotech,1,I want exposure to companies in gaming and biotech.
automation,healthcare services,1,Looking to invest in automation as well as healthcare services.
quantum computing,marketing,1,Looking to invest in quantum computing as well as marketing.
investment platforms,,0,I'm interested in companies focused on investment platforms.
insurance,utilities,1,I'm interested in both insurance and utilities.
fashion,,0,I'm passionate about fashion and want investment opportunities.
software,,0,I'm passionate about software and want investment opportunities.
investment platforms,biotech,1,I'm interested in both investment platforms and biotech.
renewable energy,,0,Looking for exposure to renewable energy.
semiconductors,nuclear power,1,Looking to invest in semiconductors as well as nuclear power.
biotech,cybersecurity,1,I believe biotech and cybersecurity will grow over the next decade.
healthcare services,,0,I believe healthcare services will grow significantly.
entertainment,,0,I'm passionate about entertainment and want investment opportunities.
e-commerce,,0,I'm interested in companies focused on e-commerce.
fashion,,0,I'm interested in companies focused on fashion.
biotech,software,1,I believe biotech and software will grow over the next decade.
healthcare services,,0,I'm passionate about healthcare services and want investment opportunities.
cybersecurity,telemedicine,1,I believe cybersecurity and telemedicine will grow over the next decade.
automotive,semiconductors,1,Looking to invest in automotive as well as semiconductors.
EV infrastructure,,0,I'm interested in companies focused on EV infrastructure.
lending,,0,Looking for exposure to lending.
banking,travel,1,I believe banking and travel will grow over the next decade.
podcasting,home goods,1,Looking to invest in podcasting as well as home goods.
digital advertising,,0,I'm passionate about digital advertising and want investment opportunities.
insurance,,0,I believe insurance will grow significantly.
pharmaceuticals,,0,I'm passionate about pharmaceuticals and want investment opportunities.
lending,,0,I'm interested in companies focused on lending.
personal finance,,0,Looking for exposure to personal finance.
solar power,healthcare services,1,I'm interested in both solar power and healthcare services.
solar power,broadcasting,1,I believe solar power and broadcasting will grow over the next decade.
nuclear power,fintech,1,Looking to invest in nuclear power as well as fintech.
fintech,clean energy,1,Looking to invest in fintech as well as clean energy.
AI,healthcare services,1,I believe AI and healthcare services will grow over the next decade.
oil and gas,,0,Looking for exposure to oil and gas.
medical devices,,0,I'm passionate about medical devices and want investment opportunities.
automation,beverage,1,I believe automation and beverage will grow over the next decade.
healthcare services,,0,I believe healthcare services will grow significantly.
publishing,pharmaceuticals,1,I believe publishing and pharmaceuticals will grow over the next decade.
publishing,renewable energy,1,I want exposure to companies in publishing and renewable energy.
social media,,0,I'm interested in companies focused on social media.
music streaming,,0,Looking for exposure to music streaming.
fashion,self-driving cars,1,Looking to invest in fashion as well as self-driving cars.
AI,,0,I'm interested in companies focused on AI.
oil and gas,marketing,1,I want exposure to companies in oil and gas and marketing.
beauty,cybersecurity,1,I'm interested in both beauty and cybersecurity.
gaming media,,0,I'm interested in companies focused on gaming media.
sports,,0,I want to invest in sports.
insurance,,0,I'm passionate about insurance and want investment opportunities.
leisure,,0,Looking for exposure to leisure.
genomics,clean energy,1,I believe genomics and clean energy will grow over the next decade.
AI,,0,I'm passionate about AI and want investment opportunities.
solar power,telemedicine,1,I'm interested in both solar power and telemedicine.
cryptocurrency,,0,I believe cryptocurrency will grow significantly.
video streaming,,0,I'm interested in companies focused on video streaming.
lending,,0,I want to invest in lending.
blockchain,entertainment,1,I believe blockchain and entertainment will grow over the next decade.
insurance,,0,I believe insurance will grow significantly.
fintech,,0,I'm interested in companies focused on fintech.
EV infrastructure,wealth management,1,I want exposure to companies in EV infrastructure and wealth management.
travel,,0,I'm interested in companies focused on travel.
beverage,automation,1,I want exposure to companies in beverage and automation.
personal finance,,0,I believe personal finance will grow significantly.
biotech,cloud computing,1,I'm interested in both biotech and cloud computing.
utilities,,0,I believe utilities will grow significantly.
clean energy,,0,I'm interested in companies focused on clean energy.
social media,mental health,1,Looking to invest in social media as well as mental health.
wellness,retail,1,I want exposure to companies in wellness and retail.
wind energy,social media,1,I want exposure to companies in wind energy and social media.
insurance,,0,I'm interested in companies focused on insurance.
insurance,,0,I believe insurance will grow significantly.
solar power,,0,Looking for exposure to solar power.
biotech,,0,I want to invest in biotech.
video streaming,,0,I believe video streaming will grow significantly.
renewable energy,lending,1,Looking to invest in renewable energy as well as lending.
cryptocurrency,retail,1,I want exposure to companies in cryptocurrency and retail.
personal finance,cloud computing,1,I'm interested in both personal finance and cloud computing.
investment platforms,AI,1,I believe investment platforms and AI will grow over the next decade.
food,,0,I'm passionate about food and want investment opportunities.
personal finance,broadcasting,1,I'm interested in both personal finance and broadcasting.
banking,,0,Looking for exposure to banking.
cryptocurrency,,0,I want to invest in cryptocurrency.
semiconductors,,0,I'm passionate about semiconductors and want investment opportunities.
nuclear power,,0,I want to invest in nuclear power.
video streaming,gaming,1,I want exposure to companies in video streaming and gaming.
investment platforms,,0,I'm interested in companies focused on investment platforms.
video streaming,,0,Looking for exposure to video streaming.
self-driving cars,,0,Looking for exposure to self-driving cars.
telecommunications,,0,I believe telecommunications will grow significantly.
energy storage,,0,I want to invest in energy storage.
beverage,broadcasting,1,I want exposure to companies in beverage and broadcasting.
social media,lending,1,I'm interested in both social media and lending.
renewable energy,,0,I'm interested in companies focused on renewable energy.
home goods,,0,I want to invest in home goods.
insurance,,0,Looking for exposure to insurance.
personal finance,telemedicine,1,I'm interested in both personal finance and telemedicine.
hardware,,0,I want to invest in hardware.
investment platforms,,0,I'm interested in companies focused on investment platforms.
solar power,,0,I'm interested in companies focused on solar power.
telemedicine,,0,I want to invest in telemedicine.
AI,,0,Looking for exposure to AI.
travel,,0,I'm interested in companies focused on travel.
mental health,,0,Looking for exposure to mental health.
EV infrastructure,,0,I believe EV infrastructure will grow significantly.
semiconductors,banking,1,I believe semiconductors and banking will grow over the next decade.
gaming media,AI,1,I believe gaming media and AI will grow over the next decade.
oil and gas,automotive,1,I'm interested in both oil and gas and automotive.
beauty,,0,I'm interested in companies focused on beauty.
blockchain,solar power,1,I'm interested in both blockchain and solar power.
clean energy,fitness,1,I want exposure to companies in clean energy and fitness.
pharmaceuticals,,0,Looking for exposure to pharmaceuticals.
cybersecurity,,0,I'm interested in companies focused on cybersecurity.
clean energy,automation,1,I want exposure to companies in clean energy and automation.
lending,oil and gas,1,I'm interested in both lending and oil and gas.
home goods,,0,I'm passionate about home goods and want investment opportunities.
fintech,,0,Looking for exposure to fintech.
home goods,,0,I believe home goods will grow significantly.
medical devices,,0,I want to invest in medical devices.
EV infrastructure,,0,I believe EV infrastructure will grow significantly.
pharmaceuticals,personal finance,1,I'm interested in both pharmaceuticals and personal finance.
healthcare services,gaming media,1,Looking to invest in healthcare services as well as gaming media.
music streaming,,0,I'm interested in companies focused on music streaming.
hardware,,0,I want to invest in hardware.
hardware,,0,I want to invest in hardware.
blockchain,,0,I believe blockchain will grow significantly.
video streaming,blockchain,1,I believe video streaming and blockchain will grow over the next decade.
wealth management,,0,I want to invest in wealth management.
leisure,,0,I want to invest in leisure.
home goods,,0,Looking for exposure to home goods.
broadcasting,,0,I believe broadcasting will grow significantly.
lending,beverage,1,I believe lending and beverage will grow over the next decade.
video streaming,,0,I want to invest in video streaming.
music streaming,,0,I'm interested in companies focused on music streaming.
banking,renewable energy,1,I want exposure to companies in banking and renewable energy.
quantum computing,wealth management,1,I believe quantum computing and wealth management will grow over the next decade.
music streaming,,0,I believe music streaming will grow significantly.
video streaming,cloud computing,1,I'm interested in both video streaming and cloud computing.
renewable energy,mental health,1,I'm interested in both renewable energy and mental health.
podcasting,,0,I'm passionate about podcasting and want investment opportunities.
video streaming,wellness,1,Looking to invest in video streaming as well as wellness.
wellness,,0,I want to invest in wellness.
sports,,0,Looking for exposure to sports.
telecommunications,health IT,1,I want exposure to companies in telecommunications and health IT.
health IT,wind energy,1,Looking to invest in health IT as well as wind energy.
automation,automotive,1,Looking to invest in automation as well as automotive.
retail,,0,I'm passionate about retail and want investment opportunities.
wind energy,,0,I'm passionate about wind energy and want investment opportunities.
consumer electronics,telemedicine,1,I believe consumer electronics and telemedicine will grow over the next decade.
clean energy,,0,I'm interested in companies focused on clean energy.
music streaming,hardware,1,Looking to invest in music streaming as well as hardware.
video streaming,EV infrastructure,1,I believe video streaming and EV infrastructure will grow over the next decade.
publishing,,0,Looking for exposure to publishing.
telemedicine,gaming,1,Looking to invest in telemedicine as well as gaming.
fintech,fashion,1,I'm interested in both fintech and fashion.
cryptocurrency,blockchain,1,I believe cryptocurrency and blockchain will grow over the next decade.
e-commerce,quantum computing,1,Looking to invest in e-commerce as well as quantum computing.
publishing,,0,I'm passionate about publishing and want investment opportunities.
telecommunications,,0,I'm interested in companies focused on telecommunications.
self-driving cars,,0,I believe self-driving cars will grow significantly.
wealth management,consumer electronics,1,I'm interested in both wealth management and consumer electronics.
cryptocurrency,,0,I'm passionate about cryptocurrency and want investment opportunities.
insurance,broadcasting,1,I believe insurance and broadcasting will grow over the next decade.
EV infrastructure,,0,I believe EV infrastructure will grow significantly.
quantum computing,,0,Looking for exposure to quantum computing.
investment platforms,marketing,1,Looking to invest in investment platforms as well as marketing.
gaming media,cloud computing,1,I'm interested in both gaming media and cloud computing.
investment platforms,,0,I believe investment platforms will grow significantly.
clean energy,lending,1,I believe clean energy and lending will grow over the next decade.
social media,,0,I believe social media will grow significantly.
nuclear power,telecommunications,1,I'm interested in both nuclear power and telecommunications.
hardware,,0,Looking for exposure to hardware.
marketing,genomics,1,I want exposure to companies in marketing and genomics.
investment platforms,leisure,1,Looking to invest in investment platforms as well as leisure.
utilities,,0,I'm interested in companies focused on utilities.
broadcasting,hardware,1,I believe broadcasting and hardware will grow over the next decade.
fitness,,0,Looking for exposure to fitness.
nuclear power,,0,I want to invest in nuclear power.
wind energy,marketing,1,I believe wind energy and marketing will grow over the next decade.
automotive,,0,I believe automotive will grow significantly.
fintech,,0,Looking for exposure to fintech.
semiconductors,,0,Looking for exposure to semiconductors.
healthcare services,,0,I believe healthcare services will grow significantly.
broadcasting,,0,I'm passionate about broadcasting and want investment opportunities.
quantum computing,fitness,1,I want exposure to companies in quantum computing and fitness.
marketing,healthcare services,1,I want exposure to companies in marketing and healthcare services.
fintech,,0,I'm passionate about fintech and want investment opportunities.
biotech,leisure,1,I believe biotech and leisure will grow over the next decade.
entertainment,health IT,1,Looking to invest in entertainment as well as health IT.
sports,wind energy,1,Looking to invest in sports as well as wind energy.
renewable energy,pharmaceuticals,1,I believe renewable energy and pharmaceuticals will grow over the next decade.
lending,,0,I'm interested in companies focused on lending.
music streaming,,0,I'm interested in companies focused on music streaming.
insurance,,0,I'm passionate about insurance and want investment opportunities.
podcasting,,0,I'm interested in companies focused on podcasting.
beauty,,0,I'm interested in companies focused on beauty.
utilities,,0,I want to invest in utilities.
insurance,,0,I'm interested in companies focused on insurance.
banking,,0,I'm interested in companies focused on banking.
home goods,utilities,1,I believe home goods and utilities will grow over the next decade.
investment platforms,,0,I'm interested in companies focused on investment platforms.
gaming,,0,I believe gaming will grow significantly.
clean energy,,0,I'm interested in companies focused on clean energy.
cybersecurity,solar power,1,I believe cybersecurity and solar power will grow over the next decade.
lending,,0,I'm passionate about lending and want investment opportunities.
lending,hardware,1,I'm interested in both lending and hardware.
digital advertising,pharmaceuticals,1,Looking to invest in digital advertising as well as pharmaceuticals.
wellness,,0,I want to invest in wellness.
beverage,datacenters,1,I believe beverage and datacenters will grow over the next decade.
fintech,wind energy,1,Looking to invest in fintech as well as wind energy.
biotech,,0,I'm interested in companies focused on biotech.
automation,,0,I want to invest in automation.
cryptocurrency,,0,I want to invest in cryptocurrency.
self-driving cars,gaming,1,I'm interested in both self-driving cars and gaming.
utilities,biotech,1,Looking to invest in utilities as well as biotech.
quantum computing,EV infrastructure,1,I'm interested in both quantum computing and EV infrastructure.
mental health,,0,I want to invest in mental health.
telemedicine,,0,Looking for exposure to telemedicine.
investment platforms,,0,I'm passionate about investment platforms and want investment opportunities.
biotech,video streaming,1,I believe biotech and video streaming will grow over the next decade.
quantum computing,cryptocurrency,1,Looking to invest in quantum computing as well as cryptocurrency.
music streaming,,0,Looking for exposure to music streaming.
cryptocurrency,energy storage,1,I believe cryptocurrency and energy storage will grow over the next decade.
cryptocurrency,solar power,1,I want exposure to companies in cryptocurrency and solar power.
lending,beauty,1,Looking to invest in lending as well as beauty.
clean energy,,0,I believe clean energy will grow significantly.
blockchain,,0,I'm passionate about blockchain and want investment opportunities.
cybersecurity,social media,1,I believe cybersecurity and social media will grow over the next decade.
healthcare services,,0,I believe healthcare services will grow significantly.
fitness,nuclear power,1,Looking to invest in fitness as well as nuclear power.
cryptocurrency,travel,1,I'm interested in both cryptocurrency and travel.
genomics,nuclear power,1,Looking to invest in genomics as well as nuclear power.
gaming media,,0,I'm interested in companies focused on gaming media.
cryptocurrency,,0,I believe cryptocurrency will grow significantly.
medical devices,,0,I believe medical devices will grow significantly.
gaming,,0,I want to invest in gaming.
hardware,wealth management,1,Looking to invest in hardware as well as wealth management.
wealth management,,0,I want to invest in wealth management.
beauty,quantum computing,1,I believe beauty and quantum computing will grow over the next decade.
energy storage,telecommunications,1,Looking to invest in energy storage as well as telecommunications.
medical devices,insurance,1,I want exposure to companies in medical devices and insurance.
genomics,,0,Looking for exposure to genomics.
fitness,fashion,1,I'm interested in both fitness and fashion.
gaming media,,0,I believe gaming media will grow significantly.
music streaming,,0,I believe music streaming will grow significantly.
datacenters,,0,I believe datacenters will grow significantly.
travel,,0,I'm interested in companies focused on travel.
wealth management,gaming media,1,I believe wealth management and gaming media will grow over the next decade.
blockchain,mental health,1,I want exposure to companies in blockchain and mental health.
wellness,home goods,1,I'm interested in both wellness and home goods.
publishing,clean energy,1,I'm interested in both publishing and clean energy.
food,fitness,1,I want exposure to companies in food and fitness.
nuclear power,quantum computing,1,Looking to invest in nuclear power as well as quantum computing.
leisure,fitness,1,Looking to invest in leisure as well as fitness.
travel,wealth management,1,I want exposure to companies in travel and wealth management.
utilities,semiconductors,1,I believe utilities and semiconductors will grow over the next decade.
telemedicine,home goods,1,I believe telemedicine and home goods will grow over the next decade.
nuclear power,,0,I want to invest in nuclear power.
broadcasting,wind energy,1,I believe broadcasting and wind energy will grow over the next decade.
energy storage,,0,I believe energy storage will grow significantly.
marketing,self-driving cars,1,I want exposure to companies in marketing and self-driving cars.
broadcasting,utilities,1,Looking to invest in broadcasting as well as utilities.
gaming,,0,Looking for exposure to gaming.
fintech,,0,I believe fintech will grow significantly.
nuclear power,,0,I want to invest in nuclear power.
entertainment,,0,I want to invest in entertainment.
software,wealth management,1,Looking to invest in software as well as wealth management.
social media,,0,I'm interested in companies focused on social media.
quantum computing,,0,I want to invest in quantum computing.
personal finance,,0,Looking for exposure to personal finance.
mental health,broadcasting,1,I'm interested in both mental health and broadcasting.
datacenters,,0,I'm interested in companies focused on datacenters.
self-driving cars,,0,I'm interested in companies focused on self-driving cars.
hardware,,0,I'm passionate about hardware and want investment opportunities.
blockchain,,0,I want to invest in blockchain.
pharmaceuticals,,0,Looking for exposure to pharmaceuticals.
energy storage,,0,I'm interested in companies focused on energy storage.
wellness,solar power,1,I want exposure to companies in wellness and solar power.
banking,pharmaceuticals,1,Looking to invest in banking as well as pharmaceuticals.
personal finance,travel,1,I'm interested in both personal finance and travel.
e-commerce,,0,I'm passionate about e-commerce and want investment opportunities.
fitness,,0,I want to invest in fitness.
sports,,0,I'm interested in companies focused on sports.
wealth management,leisure,1,I want exposure to companies in wealth management and leisure.
medical devices,solar power,1,I believe medical devices and solar power will grow over the next decade.
personal finance,oil and gas,1,I want exposure to companies in personal finance and oil and gas.
banking,,0,I'm interested in companies focused on banking.
semiconductors,,0,I'm passionate about semiconductors and want investment opportunities.
medical devices,,0,I believe medical devices will grow significantly.
wealth management,genomics,1,I want exposure to companies in wealth management and genomics.
video streaming,,0,I'm interested in companies focused on video streaming.
music streaming,,0,I want to invest in music streaming.
leisure,fintech,1,Looking to invest in leisure as well as fintech.
energy storage,telecommunications,1,Looking to invest in energy storage as well as telecommunications.
hardware,,0,Looking for exposure to hardware.
lending,software,1,I believe lending and software will grow over the next decade.
entertainment,,0,I believe entertainment will grow significantly.
self-driving cars,digital advertising,1,I'm interested in both self-driving cars and digital advertising.
nuclear power,,0,I want to invest in nuclear power.
wellness,,0,I believe wellness will grow significantly.
datacenters,,0,I want to invest in datacenters.
social media,wind energy,1,I want exposure to companies in social media and wind energy.
insurance,,0,I want to invest in insurance.
automation,home goods,1,Looking to invest in automation as well as home goods.
telemedicine,leisure,1,I'm interested in both telemedicine and leisure.
leisure,,0,Looking for exposure to leisure.
home goods,investment platforms,1,I believe home goods and investment platforms will grow over the next decade.
automation,,0,Looking for exposure to automation.
video streaming,nuclear power,1,I want exposure to companies in video streaming and nuclear power.
fitness,AI,1,I want exposure to companies in fitness and AI.
medical devices,nuclear power,1,I want exposure to companies in medical devices and nuclear power.
nuclear power,,0,I'm passionate about nuclear power and want investment opportunities.
energy storage,entertainment,1,I believe energy storage and entertainment will grow over the next decade.
solar power,,0,I believe solar power will grow significantly.
oil and gas,,0,I believe oil and gas will grow significantly.
home goods,,0,I'm interested in companies focused on home goods.
video streaming,,0,I'm passionate about video streaming and want investment opportunities.
semiconductors,,0,I'm interested in companies focused on semiconductors.
wellness,video streaming,1,I'm interested in both wellness and video streaming.
health IT,marketing,1,I believe health IT and marketing will grow over the next decade.
sports,,0,I want to invest in sports.
hardware,personal finance,1,I want exposure to companies in hardware and personal finance.
genomics,self-driving cars,1,I want exposure to companies in genomics and self-driving cars.
publishing,biotech,1,I'm interested in both publishing and biotech.
entertainment,personal finance,1,I'm interested in both entertainment and personal finance.
home goods,mental health,1,I'm interested in both home goods and mental health.
wind energy,fintech,1,I want exposure to companies in wind energy and fintech.
gaming,,0,I want to invest in gaming.
leisure,,0,I'm interested in companies focused on leisure.
insurance,,0,I'm passionate about insurance and want investment opportunities.
cloud computing,,0,I want to invest in cloud computing.
consumer electronics,,0,I'm interested in companies focused on consumer electronics.
home goods,lending,1,Looking to invest in home goods as well as lending.
genomics,,0,I believe genomics will grow significantly.
self-driving cars,gaming media,1,I want exposure to companies in self-driving cars and gaming media.
digital advertising,,0,Looking for exposure to digital advertising.
wealth management,,0,Looking for exposure to wealth management.
medical devices,automotive,1,I believe medical devices and automotive will grow over the next decade.
cybersecurity,,0,I want to invest in cybersecurity.
automotive,,0,I'm interested in companies focused on automotive.
wealth management,,0,I'm interested in companies focused on wealth management.
video streaming,,0,I'm passionate about video streaming and want investment opportunities.
energy storage,,0,I want to invest in energy storage.
fashion,wealth management,1,Looking to invest in fashion as well as wealth management.
travel,,0,I'm interested in companies focused on travel.
blockchain,gaming media,1,I'm interested in both blockchain and gaming media.
cryptocurrency,cybersecurity,1,I believe cryptocurrency and cybersecurity will grow over the next decade.
nuclear power,pharmaceuticals,1,Looking to invest in nuclear power as well as pharmaceuticals.
home goods,,0,Looking for exposure to home goods.
podcasting,,0,Looking for exposure to podcasting.
wealth management,automation,1,I believe wealth management and automation will grow over the next decade.
publishing,,0,I'm interested in companies focused on publishing.
cryptocurrency,pharmaceuticals,1,I believe cryptocurrency and pharmaceuticals will grow over the next decade.
mental health,broadcasting,1,Looking to invest in mental health as well as broadcasting.
cryptocurrency,digital advertising,1,I want exposure to companies in cryptocurrency and digital advertising.
entertainment,,0,I'm interested in companies focused on entertainment.
fintech,beauty,1,I believe fintech and beauty will grow over the next decade.
self-driving cars,cryptocurrency,1,I believe self-driving cars and cryptocurrency will grow over the next decade.
wellness,,0,Looking for exposure to wellness.
travel,self-driving cars,1,I want exposure to companies in travel and self-driving cars.
self-driving cars,,0,I'm passionate about self-driving cars and want investment opportunities.
semiconductors,,0,I'm passionate about semiconductors and want investment opportunities.
gaming media,,0,I believe gaming media will grow significantly.
renewable energy,,0,I believe renewable energy will grow significantly.
publishing,EV infrastructure,1,I'm interested in both publishing and EV infrastructure.
digital advertising,,0,I'm passionate about digital advertising and want investment opportunities.
entertainment,,0,I'm passionate about entertainment and want investment opportunities.
fitness,wealth management,1,I believe fitness and wealth management will grow over the next decade.
cloud computing,EV infrastructure,1,Looking to invest in cloud computing as well as EV infrastructure.
food,renewable energy,1,Looking to invest in food as well as renewable energy.
software,,0,Looking for exposure to software.
broadcasting,banking,1,Looking to invest in broadcasting as well as banking.
insurance,,0,I'm passionate about insurance and want investment opportunities.
genomics,,0,I want to invest in genomics.
personal finance,gaming media,1,I'm interested in both personal finance and gaming media.
gaming media,,0,Looking for exposure to gaming media.
social media,,0,I'm passionate about social media and want investment opportunities.
AI,,0,Looking for exposure to AI.
solar power,fitness,1,I believe solar power and fitness will grow over the next decade.
wellness,entertainment,1,Looking to invest in wellness as well as entertainment.
pharmaceuticals,,0,Looking for exposure to pharmaceuticals.
fitness,,0,I'm interested in companies focused on fitness.
cloud computing,pharmaceuticals,1,I'm interested in both cloud computing and pharmaceuticals.
biotech,,0,I'm passionate about biotech and want investment opportunities.
insurance,fashion,1,Looking to invest in insurance as well as fashion.
medical devices,entertainment,1,I want exposure to companies in medical devices and entertainment.
marketing,,0,I'm passionate about marketing and want investment opportunities.
travel,,0,I'm passionate about travel and want investment opportunities.
nuclear power,travel,1,Looking to invest in nuclear power as well as travel.
music streaming,lending,1,I want exposure to companies in music streaming and lending.
social media,lending,1,I want exposure to companies in social media and lending.
health IT,,0,I'm passionate about health IT and want investment opportunities.
cybersecurity,,0,I'm interested in companies focused on cybersecurity.
video streaming,,0,I'm passionate about video streaming and want investment opportunities.
datacenters,oil and gas,1,I'm interested in both datacenters and oil and gas.
AI,,0,I'm passionate about AI and want investment opportunities.
gaming media,energy storage,1,Looking to invest in gaming media as well as energy storage.
beauty,,0,I want to invest in beauty.
lending,telemedicine,1,I believe lending and telemedicine will grow over the next decade.
home goods,,0,Looking for exposure to home goods.
insurance,,0,Looking for exposure to insurance.
cryptocurrency,oil and gas,1,I want exposure to companies in cryptocurrency and oil and gas.
e-commerce,,0,I'm interested in companies focused on e-commerce.
pharmaceuticals,,0,I'm passionate about pharmaceuticals and want investment opportunities.
genomics,renewable energy,1,Looking to invest in genomics as well as renewable energy.
pharmaceuticals,,0,I'm passionate about pharmaceuticals and want investment opportunities.
investment platforms,energy storage,1,I'm interested in both investment platforms and energy storage.
genomics,,0,I believe genomics will grow significantly.
telemedicine,music streaming,1,I want exposure to companies in telemedicine and music streaming.
medical devices,broadcasting,1,I believe medical devices and broadcasting will grow over the next decade.
medical devices,,0,I believe medical devices will grow significantly.
solar power,beverage,1,I'm interested in both solar power and beverage.
genomics,software,1,I believe genomics and software will grow over the next decade.
healthcare services,,0,I want to invest in healthcare services.
EV infrastructure,,0,I want to invest in EV infrastructure.
music streaming,,0,I believe music streaming will grow significantly.
entertainment,leisure,1,I want exposure to companies in entertainment and leisure.
EV infrastructure,,0,Looking for exposure to EV infrastructure.
food,EV infrastructure,1,I want exposure to companies in food and EV infrastructure.
personal finance,AI,1,Looking to invest in personal finance as well as AI.
biotech,,0,Looking for exposure to biotech.
automotive,wellness,1,I'm interested in both automotive and wellness.
banking,leisure,1,I want exposure to companies in banking and leisure.
investment platforms,,0,I'm passionate about investment platforms and want investment opportunities.
video streaming,,0,I want to invest in video streaming.
home goods,,0,I'm passionate about home goods and want investment opportunities.
medical devices,oil and gas,1,I want exposure to companies in medical devices and oil and gas.
energy storage,,0,I want to invest in energy storage.
home goods,,0,I'm passionate about home goods and want investment opportunities.
solar power,gaming,1,I believe solar power and gaming will grow over the next decade.
consumer electronics,,0,I believe consumer electronics will grow significantly.
cryptocurrency,cybersecurity,1,I'm interested in both cryptocurrency and cybersecurity.
semiconductors,,0,I'm passionate about semiconductors and want investment opportunities.
clean energy,,0,I'm passionate about clean energy and want investment opportunities.
energy storage,e-commerce,1,I'm interested in both energy storage and e-commerce.
investment platforms,wellness,1,I'm interested in both investment platforms and wellness.
digital advertising,,0,I'm interested in companies focused on digital advertising.
nuclear power,,0,I want to invest in nuclear power.
renewable energy,healthcare services,1,Looking to invest in renewable energy as well as healthcare services.
music streaming,fitness,1,I'm interested in both music streaming and fitness.
wealth management,beauty,1,I'm interested in both wealth management and beauty.
cloud computing,,0,I want to invest in cloud computing.
genomics,,0,I believe genomics will grow significantly.
consumer electronics,,0,I'm passionate about consumer electronics and want investment opportunities.
consumer electronics,,0,I want to invest in consumer electronics.
fitness,,0,I'm interested in companies focused on fitness.
cryptocurrency,beauty,1,Looking to invest in cryptocurrency as well as beauty.
personal finance,automation,1,I believe personal finance and automation will grow over the next decade.
leisure,,0,I believe leisure will grow significantly.
wind energy,,0,I'm interested in companies focused on wind energy.
wellness,,0,I believe wellness will grow significantly.
home goods,,0,Looking for exposure to home goods.
utilities,fintech,1,I believe utilities and fintech will grow over the next decade.
healthcare services,,0,Looking for exposure to healthcare services.
home goods,,0,I'm interested in companies focused on home goods.
cryptocurrency,,0,Looking for exposure to cryptocurrency.
wellness,,0,I'm passionate about wellness and want investment opportunities.
nuclear power,fintech,1,I believe nuclear power and fintech will grow over the next decade.
oil and gas,self-driving cars,1,I believe oil and gas and self-driving cars will grow over the next decade.
health IT,energy storage,1,I'm interested in both health IT and energy storage.
medical devices,wealth management,1,I believe medical devices and wealth management will grow over the next decade.
personal finance,,0,I'm passionate about personal finance and want investment opportunities.
cryptocurrency,,0,I'm interested in companies focused on cryptocurrency.
marketing,,0,I'm passionate about marketing and want investment opportunities.
nuclear power,,0,I'm interested in companies focused on nuclear power.
wind energy,,0,I believe wind energy will grow significantly.
cryptocurrency,wind energy,1,I want exposure to companies in cryptocurrency and wind energy.
self-driving cars,personal finance,1,I want exposure to companies in self-driving cars and personal finance.
blockchain,,0,I believe blockchain will grow significantly.
genomics,fashion,1,I'm interested in both genomics and fashion.
semiconductors,health IT,1,I want exposure to companies in semiconductors and health IT.
marketing,,0,I want to invest in marketing.
entertainment,,0,I'm passionate about entertainment and want investment opportunities.
podcasting,blockchain,1,I want exposure to companies in podcasting and blockchain.
clean energy,,0,I believe clean energy will grow significantly.
renewable energy,fintech,1,Looking to invest in renewable energy as well as fintech.
gaming media,,0,I believe gaming media will grow significantly.
telecommunications,,0,Looking for exposure to telecommunications.
banking,,0,I believe banking will grow significantly.
investment platforms,,0,I'm interested in companies focused on investment platforms.
utilities,,0,I'm interested in companies focused on utilities.
marketing,,0,I'm interested in companies focused on marketing.
home goods,cryptocurrency,1,Looking to invest in home goods as well as cryptocurrency.
music streaming,e-commerce,1,I want exposure to companies in music streaming and e-commerce.
banking,oil and gas,1,I want exposure to companies in banking and oil and gas.
fitness,cryptocurrency,1,I want exposure to companies in fitness and cryptocurrency.
publishing,sports,1,I want exposure to companies in publishing and sports.
retail,health IT,1,Looking to invest in retail as well as health IT.
home goods,energy storage,1,I'm interested in both home goods and energy storage.
social media,,0,I believe social media will grow significantly.
AI,telemedicine,1,I want exposure to companies in AI and telemedicine.
fitness,broadcasting,1,I believe fitness and broadcasting will grow over the next decade.
telecommunications,genomics,1,Looking to invest in telecommunications as well as genomics.
banking,hardware,1,I want exposure to companies in banking and hardware.
wellness,broadcasting,1,Looking to invest in wellness as well as broadcasting.
wind energy,wealth management,1,Looking to invest in wind energy as well as wealth management.
beauty,,0,I'm passionate about beauty and want investment opportunities.
food,,0,I believe food will grow significantly.
healthcare services,entertainment,1,I believe healthcare services and entertainment will grow over the next decade.
gaming,,0,I want to invest in gaming.
genomics,,0,I'm interested in companies focused on genomics.
broadcasting,,0,I'm interested in companies focused on broadcasting.
blockchain,,0,I'm interested in companies focused on blockchain.
investment platforms,,0,Looking for exposure to investment platforms.
gaming,,0,I want to invest in gaming.
pharmaceuticals,renewable energy,1,I believe pharmaceuticals and renewable energy will grow over the next decade.
investment platforms,,0,I'm passionate about investment platforms and want investment opportunities.
personal finance,,0,Looking for exposure to personal finance.
energy storage,,0,I'm interested in companies focused on energy storage.
telemedicine,,0,I want to invest in telemedicine.
telemedicine,broadcasting,1,I'm interested in both telemedicine and broadcasting.
AI,oil and gas,1,I believe AI and oil and gas will grow over the next decade.
telemedicine,,0,I'm passionate about telemedicine and want investment opportunities.
renewable energy,,0,I believe renewable energy will grow significantly.
oil and gas,mental health,1,I want exposure to companies in oil and gas and mental health.
food,,0,I'm passionate about food and want investment opportunities.
sports,mental health,1,Looking to invest in sports as well as mental health.
renewable energy,,0,Looking for exposure to renewable energy.
wind energy,marketing,1,Looking to invest in wind energy as well as marketing.
cybersecurity,,0,I'm interested in companies focused on cybersecurity.
wealth management,,0,I believe wealth management will grow significantly.
automotive,,0,Looking for exposure to automotive.
nuclear power,sports,1,I want exposure to companies in nuclear power and sports.
wealth management,retail,1,I'm interested in both wealth management and retail.
gaming media,,0,Looking for exposure to gaming media.
semiconductors,,0,I believe semiconductors will grow significantly.
entertainment,,0,Looking for exposure to entertainment.
telemedicine,automotive,1,I want exposure to companies in telemedicine and automotive.
broadcasting,telemedicine,1,I'm interested in both broadcasting and telemedicine.
insurance,healthcare services,1,I'm interested in both insurance and healthcare services.
video streaming,,0,I believe video streaming will grow significantly.
automotive,,0,I'm interested in companies focused on automotive.
telemedicine,,0,Looking for exposure to telemedicine.
investment platforms,,0,Looking for exposure to investment platforms.
semiconductors,,0,I'm interested in companies focused on semiconductors.
oil and gas,digital advertising,1,I believe oil and gas and digital advertising will grow over the next decade.
health IT,datacenters,1,I want exposure to companies in health IT and datacenters.
clean energy,,0,I believe clean energy will grow significantly.
sports,,0,Looking for exposure to sports.
automation,,0,I'm interested in companies focused on automation.
gaming media,,0,Looking for exposure to gaming media.
beverage,,0,I want to invest in beverage.
cloud computing,,0,I want to invest in cloud computing.
fashion,gaming media,1,I want exposure to companies in fashion and gaming media.
leisure,banking,1,I'm interested in both leisure and banking.
AI,,0,I'm interested in companies focused on AI.
automotive,,0,I'm passionate about automotive and want investment opportunities.
marketing,,0,I'm passionate about marketing and want investment opportunities.
biotech,,0,Looking for exposure to biotech.
beauty,,0,I'm passionate about beauty and want investment opportunities.
publishing,,0,I believe publishing will grow significantly.
telemedicine,,0,Looking for exposure to telemedicine.
semiconductors,medical devices,1,I believe semiconductors and medical devices will grow over the next decade.
genomics,,0,I'm passionate about genomics and want investment opportunities.
cryptocurrency,,0,I want to invest in cryptocurrency.
semiconductors,,0,I believe semiconductors will grow significantly.
home goods,personal finance,1,I want exposure to companies in home goods and personal finance.
digital advertising,,0,Looking for exposure to digital advertising.
medical devices,telecommunications,1,Looking to invest in medical devices as well as telecommunications.
datacenters,energy storage,1,I'm interested in both datacenters and energy storage.
telemedicine,cloud computing,1,I believe telemedicine and cloud computing will grow over the next decade.
broadcasting,,0,I'm passionate about broadcasting and want investment opportunities.
health IT,,0,I believe health IT will grow significantly.
wellness,,0,I'm passionate about wellness and want investment opportunities.
genomics,,0,I want to invest in genomics.
beverage,,0,I believe beverage will grow significantly.
telecommunications,fashion,1,I believe telecommunications and fashion will grow over the next decade.
telemedicine,,0,I believe telemedicine will grow significantly.
telemedicine,,0,I believe telemedicine will grow significantly.
video streaming,,0,I'm interested in companies focused on video streaming.
telemedicine,,0,I'm passionate about telemedicine and want investment opportunities.
wellness,entertainment,1,I want exposure to companies in wellness and entertainment.
automation,food,1,I want exposure to companies in automation and food.
health IT,,0,I'm passionate about health IT and want investment opportunities.
fitness,,0,Looking for exposure to fitness.
publishing,,0,Looking for exposure to publishing.
fashion,,0,I want to invest in fashion.
digital advertising,medical devices,1,Looking to invest in digital advertising as well as medical devices.
nuclear power,blockchain,1,I want exposure to companies in nuclear power and blockchain.
pharmaceuticals,marketing,1,I believe pharmaceuticals and marketing will grow over the next decade.
wealth management,,0,I'm passionate about wealth management and want investment opportunities.
personal finance,,0,I'm passionate about personal finance and want investment opportunities.
cybersecurity,insurance,1,Looking to invest in cybersecurity as well as insurance.
pharmaceuticals,,0,I'm passionate about pharmaceuticals and want investment opportunities.
personal finance,,0,I'm passionate about personal finance and want investment opportunities.
lending,gaming,1,I want exposure to companies in lending and gaming.
wind energy,digital advertising,1,I'm interested in both wind energy and digital advertising.
datacenters,,0,I believe datacenters will grow significantly.
cryptocurrency,marketing,1,I'm interested in both cryptocurrency and marketing.
e-commerce,,0,I'm interested in companies focused on e-commerce.
healthcare services,beverage,1,I believe healthcare services and beverage will grow over the next decade.
video streaming,,0,I believe video streaming will grow significantly.
lending,,0,I'm interested in companies focused on lending.
video streaming,,0,I'm passionate about video streaming and want investment opportunities.
lending,fashion,1,I'm interested in both lending and fashion.
sports,clean energy,1,I believe sports and clean energy will grow over the next decade.
oil and gas,gaming,1,I believe oil and gas and gaming will grow over the next decade.
telemedicine,,0,I want to invest in telemedicine.
telemedicine,energy storage,1,I want exposure to companies in telemedicine and energy storage.
fitness,,0,I want to invest in fitness.
insurance,,0,I'm interested in companies focused on insurance.
beverage,,0,Looking for exposure to beverage.
datacenters,,0,Looking for exposure to datacenters.
travel,,0,I believe travel will grow significantly.
telecommunications,EV infrastructure,1,I'm interested in both telecommunications and EV infrastructure.
wealth management,automotive,1,I'm interested in both wealth management and automotive.
health IT,,0,I'm interested in companies focused on health IT.
EV infrastructure,,0,Looking for exposure to EV infrastructure.
EV infrastructure,,0,I'm interested in companies focused on EV infrastructure.
e-commerce,,0,I'm interested in companies focused on e-commerce.
telecommunications,,0,Looking for exposure to telecommunications.
quantum computing,renewable energy,1,I want exposure to companies in quantum computing and renewable energy.
datacenters,,0,I believe datacenters will grow significantly.
marketing,automation,1,Looking to invest in marketing as well as automation.
fitness,,0,I believe fitness will grow significantly.
fitness,,0,I want to invest in fitness.
semiconductors,,0,I'm passionate about semiconductors and want investment opportunities.
leisure,,0,I believe leisure will grow significantly.
utilities,,0,I'm passionate about utilities and want investment opportunities.
pharmaceuticals,,0,I want to invest in pharmaceuticals.
banking,oil and gas,1,I believe banking and oil and gas will grow over the next decade.
fashion,,0,I'm interested in companies focused on fashion.
marketing,energy storage,1,I'm interested in both marketing and energy storage.
genomics,retail,1,I believe genomics and retail will grow over the next decade.
pharmaceuticals,,0,I believe pharmaceuticals will grow significantly.
biotech,datacenters,1,I believe biotech and datacenters will grow over the next decade.
fintech,clean energy,1,I believe fintech and clean energy will grow over the next decade.
utilities,banking,1,I believe utilities and banking will grow over the next decade.
personal finance,music streaming,1,I want exposure to companies in personal finance and music streaming.
datacenters,,0,I believe datacenters will grow significantly.
publishing,,0,I'm interested in companies focused on publishing.
oil and gas,,0,I'm interested in companies focused on oil and gas.
e-commerce,,0,I'm passionate about e-commerce and want investment opportunities.
blockchain,,0,I want to invest in blockchain.
music streaming,,0,I'm interested in companies focused on music streaming.
biotech,telecommunications,1,Looking to invest in biotech as well as telecommunications.
investment platforms,,0,I'm passionate about investment platforms and want investment opportunities.
telecommunications,cryptocurrency,1,I believe telecommunications and cryptocurrency will grow over the next decade.
consumer electronics,,0,Looking for exposure to consumer electronics.
health IT,broadcasting,1,I'm interested in both health IT and broadcasting.
wellness,self-driving cars,1,I want exposure to companies in wellness and self-driving cars.
personal finance,mental health,1,I believe personal finance and mental health will grow over the next decade.
fintech,,0,I'm passionate about fintech and want investment opportunities.
gaming,broadcasting,1,I want exposure to companies in gaming and broadcasting.
hardware,,0,I want to invest in hardware.
beauty,cloud computing,1,I'm interested in both beauty and cloud computing.
insurance,digital advertising,1,Looking to invest in insurance as well as digital advertising.
lending,,0,I'm passionate about lending and want investment opportunities.
blockchain,,0,I'm passionate about blockchain and want investment opportunities.
telecommunications,,0,Looking for exposure to telecommunications.
digital advertising,genomics,1,I'm interested in both digital advertising and genomics.
consumer electronics,,0,I'm passionate about consumer electronics and want investment opportunities.
automotive,,0,I'm passionate about automotive and want investment opportunities.
social media,,0,I want to invest in social media.
cryptocurrency,,0,I believe cryptocurrency will grow significantly.
gaming media,,0,I believe gaming media will grow significantly.
mental health,,0,I'm interested in companies focused on mental health.
genomics,,0,I'm passionate about genomics and want investment opportunities.
banking,,0,I believe banking will grow significantly.
marketing,EV infrastructure,1,I'm interested in both marketing and EV infrastructure.
telemedicine,,0,I'm passionate about telemedicine and want investment opportunities.
self-driving cars,,0,Looking for exposure to self-driving cars.
software,video streaming,1,I believe software and video streaming will grow over the next decade.
clean energy,datacenters,1,Looking to invest in clean energy as well as datacenters.
gaming,wind energy,1,I want exposure to companies in gaming and wind energy.
entertainment,,0,I believe entertainment will grow significantly.
marketing,wind energy,1,Looking to invest in marketing as well as wind energy.
gaming,,0,I'm passionate about gaming and want investment opportunities.
healthcare services,,0,I believe healthcare services will grow significantly.
oil and gas,,0,Looking for exposure to oil and gas.
home goods,,0,Looking for exposure to home goods.
oil and gas,,0,I'm passionate about oil and gas and want investment opportunities.
energy storage,,0,Looking for exposure to energy storage.
automation,,0,Looking for exposure to automation.
EV infrastructure,,0,Looking for exposure to EV infrastructure.
fintech,,0,I believe fintech will grow significantly.
beauty,,0,I want to invest in beauty.
blockchain,,0,I'm interested in companies focused on blockchain.
beverage,,0,I'm interested in companies focused on beverage.
wind energy,,0,I believe wind energy will grow significantly.
cybersecurity,,0,I'm interested in companies focused on cybersecurity.
cryptocurrency,,0,I believe cryptocurrency will grow significantly.
consumer electronics,entertainment,1,Looking to invest in consumer electronics as well as entertainment.
renewable energy,,0,I'm passionate about renewable energy and want investment opportunities.
semiconductors,,0,I believe semiconductors will grow significantly.
cryptocurrency,automation,1,I want exposure to companies in cryptocurrency and automation.
sports,,0,I want to invest in sports.
renewable energy,,0,I'm interested in companies focused on renewable energy.
healthcare services,fintech,1,I believe healthcare services and fintech will grow over the next decade.
digital advertising,,0,I'm interested in companies focused on digital advertising.
energy storage,,0,I want to invest in energy storage.
pharmaceuticals,,0,I'm interested in companies focused on pharmaceuticals.
gaming media,wind energy,1,I want exposure to companies in gaming media and wind energy.
fintech,,0,I'm interested in companies focused on fintech.
utilities,,0,I believe utilities will grow significantly.
automotive,,0,I believe automotive will grow significantly.
telemedicine,renewable energy,1,Looking to invest in telemedicine as well as renewable energy.
clean energy,,0,I'm passionate about clean energy and want investment opportunities.
medical devices,banking,1,I believe medical devices and banking will grow over the next decade.
pharmaceuticals,,0,I'm passionate about pharmaceuticals and want investment opportunities.
gaming media,,0,I believe gaming media will grow significantly.
software,marketing,1,Looking to invest in software as well as marketing.
renewable energy,,0,Looking for exposure to renewable energy.
medical devices,music streaming,1,Looking to invest in medical devices as well as music streaming.
blockchain,,0,I believe blockchain will grow significantly.
gaming media,,0,I'm interested in companies focused on gaming media.
insurance,,0,Looking for exposure to insurance.
automotive,software,1,I want exposure to companies in automotive and software.
entertainment,sports,1,I want exposure to companies in entertainment and sports.
AI,publishing,1,I'm interested in both AI and publishing.
health IT,nuclear power,1,Looking to invest in health IT as well as nuclear power.
gaming media,insurance,1,I believe gaming media and insurance will grow over the next decade.
clean energy,,0,I'm passionate about clean energy and want investment opportunities.
blockchain,publishing,1,I'm interested in both blockchain and publishing.
clean energy,,0,Looking for exposure to clean energy.
travel,renewable energy,1,Looking to invest in travel as well as renewable energy.
entertainment,,0,I'm passionate about entertainment and want investment opportunities.
software,,0,I believe software will grow significantly.
utilities,,0,I want to invest in utilities.
travel,,0,Looking for exposure to travel.
solar power,,0,I'm passionate about solar power and want investment opportunities.
genomics,,0,Looking for exposure to genomics.
lending,,0,Looking for exposure to lending.
digital advertising,solar power,1,Looking to invest in digital advertising as well as solar power.
nuclear power,,0,Looking for exposure to nuclear power.
automotive,broadcasting,1,I believe automotive and broadcasting will grow over the next decade.
beverage,banking,1,Looking to invest in beverage as well as banking.
banking,pharmaceuticals,1,I'm interested in both banking and pharmaceuticals.
home goods,,0,I'm passionate about home goods and want investment opportunities.
e-commerce,fitness,1,I'm interested in both e-commerce and fitness.
banking,,0,I believe banking will grow significantly.
fashion,,0,I'm interested in companies focused on fashion.
cloud computing,,0,I'm passionate about cloud computing and want investment opportunities.
leisure,,0,Looking for exposure to leisure.
investment platforms,clean energy,1,I want exposure to companies in investment platforms and clean energy.
digital advertising,,0,Looking for exposure to digital advertising.
wellness,telecommunications,1,I'm interested in both wellness and telecommunications.
fitness,,0,I'm interested in companies focused on fitness.
gaming media,datacenters,1,Looking to invest in gaming media as well as datacenters.
cloud computing,EV infrastructure,1,I believe cloud computing and EV infrastructure will grow over the next decade.
lending,publishing,1,Looking to invest in lending as well as publishing.
social media,,0,I want to invest in social media.
blockchain,,0,Looking for exposure to blockchain.
clean energy,,0,Looking for exposure to clean energy.
digital advertising,gaming,1,I want exposure to companies in digital advertising and gaming.
publishing,,0,I'm interested in companies focused on publishing.
